<?xml version="1.0"?>
<archive xmlns="http://rs.tdwg.org/dwc/text/">
	<core encoding="UTF-8" linesTerminatedBy="\r\n" fieldsTerminatedBy="\t" fieldsEnclosedBy="" ignoreHeaderLines="1" rowType="http://rs.tdwg.org/dwc/terms/Taxon">
		<files>
			<location>taxon.txt</location>
		</files>
		<id index="0"/>
		<field index="1" term="http://rs.tdwg.org/dwc/terms/taxonID"/>
		<field index="2" term="http://rs.tdwg.org/dwc/terms/kingdom"/>
		<field index="3" term="http://rs.tdwg.org/dwc/terms/phylum"/>
		<field index="4" term="http://rs.tdwg.org/dwc/terms/class"/>
		<field index="5" term="http://rs.tdwg.org/dwc/terms/order"/>
		<field index="6" term="http://rs.tdwg.org/dwc/terms/family"/>
		<field index="7" term="http://rs.tdwg.org/dwc/terms/genus"/>
		<field index="8" term="http://rs.tdwg.org/dwc/terms/scientificName"/>
		<field index="9" term="http://rs.tdwg.org/dwc/terms/taxonRank"/>
	</core>
	<extension encoding="UTF-8" linesTerminatedBy="\r\n" fieldsTerminatedBy="\t" fieldsEnclosedBy="" ignoreHeaderLines="1" rowType="http://rs.gbif.org/terms/1.0/Distribution">
		<files>
			<location>distribution.txt</location>
		</files>
		<coreid index="0"/>
		<field index="1" term="http://rs.tdwg.org/dwc/terms/locality"/>
		<field index="2" term="http://rs.tdwg.org/dwc/terms/occurrenceStatus"/>
		<field index="3" term="http://rs.tdwg.org/dwc/terms/establishmentMeans"/>
		<field index="4" term="http://rs.tdwg.org/dwc/terms/countryCode"/>
		<field index="5" term="http://rs.tdwg.org/dwc/terms/locationID"/>
	</extension>
	<extension encoding="UTF-8" linesTerminatedBy="\r\n" fieldsTerminatedBy="\t" fieldsEnclosedBy="" ignoreHeaderLines="1" rowType="http://rs.gbif.org/terms/1.0/Reference">
		<files>
			<location>reference.txt</location>
		</files>
		<coreid index="0"/>
		<field index="1" term="http://purl.org/dc/terms/source"/>
	</extension> 
</archive>
