<?xml version="1.0"?>
<archive xmlns="http://rs.tdwg.org/dwc/text/">
	<core encoding="UTF-8" linesTerminatedBy="\r\n" fieldsTerminatedBy="\t" fieldsEnclosedBy="" ignoreHeaderLines="1" rowType="http://rs.tdwg.org/dwc/terms/Taxon">
		<files>
			<location>taxon.txt</location>
		</files>
		<id index="0"/>
		<field index="1" term="http://rs.tdwg.org/dwc/terms/taxonID"/>
		<field index="2" term="http://rs.tdwg.org/dwc/terms/scientificName"/>
		<field index="3" term="http://rs.tdwg.org/dwc/terms/taxonRank"/>
		<field index="4" term="http://rs.tdwg.org/dwc/terms/kingdom"/>
	</core>
</archive>
	